state_key,action_key,action,game,round
"pub_()_priv_('6', 'J')_-2.0_2_1",draw_deck_flip_2,"{'type': 'draw_deck', 'keep': False, 'flip_position': 2}",1,1
"pub_('J',)_priv_('6',)_1.0_A_2",take_discard_0,"{'type': 'take_discard', 'position': 0}",1,2
"pub_('A', 'J')_priv_('6',)_-4.5_6_3",draw_deck_1,"{'type': 'draw_deck', 'position': 1, 'keep': True}",1,3
"pub_('A', 'A', 'J')_priv_('6',)_3.0_2_4",take_discard_3,"{'type': 'take_discard', 'position': 3}",1,4
"pub_()_priv_('5', 'K')_-6.0_10_1",draw_deck_0,"{'type': 'draw_deck', 'position': 0, 'keep': True}",2,1
"pub_('9',)_priv_('5', 'K')_12.0_9_2",take_discard_1,"{'type': 'take_discard', 'position': 1}",2,2
"pub_('9', '9')_priv_('5', 'K')_-2.5_6_3",draw_deck_2,"{'type': 'draw_deck', 'position': 2, 'keep': True}",2,3
"pub_('8', '9', '9')_priv_('K',)_12.5_8_4",take_discard_3,"{'type': 'take_discard', 'position': 3}",2,4
"pub_()_priv_('10', '5')_-3.0_7_1",draw_deck_0,"{'type': 'draw_deck', 'position': 0, 'keep': True}",3,1
"pub_('8',)_priv_('10', '5')_-2.0_5_2",draw_deck_1,"{'type': 'draw_deck', 'position': 1, 'keep': True}",3,2
"pub_('10', '8')_priv_('10', '5')_-20.0_Q_3",draw_deck_3,"{'type': 'draw_deck', 'position': 3, 'keep': True}",3,3
"pub_('10', '3', '8')_priv_('10',)_0.0_10_4",take_discard_2,"{'type': 'take_discard', 'position': 2}",3,4
"pub_()_priv_('6', 'K')_-7.0_7_1",draw_deck_flip_0,"{'type': 'draw_deck', 'keep': False, 'flip_position': 0}",4,1
"pub_('J',)_priv_('6', 'K')_2.5_A_2",take_discard_1,"{'type': 'take_discard', 'position': 1}",4,2
"pub_('A', 'J')_priv_('6', 'K')_0.5_4_3",take_discard_2,"{'type': 'take_discard', 'position': 2}",4,3
"pub_('4', 'A', 'J')_priv_('K',)_9.5_4_4",take_discard_3,"{'type': 'take_discard', 'position': 3}",4,4
"pub_()_priv_('6', '9')_-8.0_Q_1",draw_deck_0,"{'type': 'draw_deck', 'position': 0, 'keep': True}",5,1
"pub_('5',)_priv_('6', '9')_-7.5_10_2",draw_deck_1,"{'type': 'draw_deck', 'position': 1, 'keep': True}",5,2
"pub_('5', 'J')_priv_('6', '9')_-0.5_4_3",draw_deck_2,"{'type': 'draw_deck', 'position': 2, 'keep': True}",5,3
"pub_('5', '9', 'J')_priv_('6',)_12.0_9_4",take_discard_3,"{'type': 'take_discard', 'position': 3}",5,4
"pub_()_priv_('3', 'A')_0.0_A_1",draw_deck_0,"{'type': 'draw_deck', 'position': 0, 'keep': True}",6,1
"pub_('4',)_priv_('3', 'A')_-2.5_3_2",draw_deck_1,"{'type': 'draw_deck', 'position': 1, 'keep': True}",6,2
"pub_('4', 'K')_priv_('3', 'A')_-8.0_8_3",draw_deck_2,"{'type': 'draw_deck', 'position': 2, 'keep': True}",6,3
"pub_('4', '6', 'K')_priv_('3',)_-6.5_7_4",draw_deck_3,"{'type': 'draw_deck', 'position': 3, 'keep': True}",6,4
"pub_()_priv_('6', 'A')_-2.0_3_1",draw_deck_0,"{'type': 'draw_deck', 'position': 0, 'keep': True}",7,1
"pub_('A',)_priv_('6', 'A')_-8.0_7_2",draw_deck_flip_2,"{'type': 'draw_deck', 'keep': False, 'flip_position': 2}",7,2
"pub_('A', 'A')_priv_('6',)_2.0_J_3",take_discard_1,"{'type': 'take_discard', 'position': 1}",7,3
"pub_('A', 'A', 'J')_priv_('6',)_-5.5_Q_4",draw_deck_3,"{'type': 'draw_deck', 'position': 3, 'keep': True}",7,4
"pub_()_priv_('6', '8')_-6.0_9_1",draw_deck_0,"{'type': 'draw_deck', 'position': 0, 'keep': True}",8,1
"pub_('7',)_priv_('6', '8')_-7.5_10_2",draw_deck_1,"{'type': 'draw_deck', 'position': 1, 'keep': True}",8,2
"pub_('7', '7')_priv_('6', '8')_-6.0_K_3",draw_deck_2,"{'type': 'draw_deck', 'position': 2, 'keep': True}",8,3
"pub_('7', '7', 'Q')_priv_('8',)_-2.0_6_4",draw_deck_3,"{'type': 'draw_deck', 'position': 3, 'keep': True}",8,4
"pub_()_priv_('6', 'A')_-9.0_K_1",draw_deck_0,"{'type': 'draw_deck', 'position': 0, 'keep': True}",9,1
"pub_('J',)_priv_('6', 'A')_-9.0_Q_2",draw_deck_1,"{'type': 'draw_deck', 'position': 1, 'keep': True}",9,2
"pub_('J', 'K')_priv_('6', 'A')_-4.5_5_3",draw_deck_2,"{'type': 'draw_deck', 'position': 2, 'keep': True}",9,3
"pub_('2', 'J', 'K')_priv_('6',)_-6.5_10_4",draw_deck_3,"{'type': 'draw_deck', 'position': 3, 'keep': True}",9,4
"pub_()_priv_('8', 'K')_-6.5_9_1",draw_deck_0,"{'type': 'draw_deck', 'position': 0, 'keep': True}",10,1
"pub_('3',)_priv_('8', 'K')_8.0_3_2",take_discard_1,"{'type': 'take_discard', 'position': 1}",10,2
"pub_('3', '3')_priv_('8', 'K')_-5.0_Q_3",draw_deck_2,"{'type': 'draw_deck', 'position': 2, 'keep': True}",10,3
"pub_('2', '3', '3')_priv_('8',)_-1.0_6_4",draw_deck_3,"{'type': 'draw_deck', 'position': 3, 'keep': True}",10,4
"pub_()_priv_('3', '5')_-7.5_10_1",draw_deck_0,"{'type': 'draw_deck', 'position': 0, 'keep': True}",11,1
"pub_('Q',)_priv_('3', '5')_-8.5_K_2",draw_deck_1,"{'type': 'draw_deck', 'position': 1, 'keep': True}",11,2
"pub_('4', 'Q')_priv_('3', '5')_-6.0_7_3",draw_deck_2,"{'type': 'draw_deck', 'position': 2, 'keep': True}",11,3
"pub_('3', '4', 'Q')_priv_('3',)_-8.5_5_4",draw_deck_3,"{'type': 'draw_deck', 'position': 3, 'keep': True}",11,4
"pub_()_priv_('K', 'Q')_-3.0_3_1",draw_deck_flip_0,"{'type': 'draw_deck', 'keep': False, 'flip_position': 0}",12,1
"pub_('J',)_priv_('K', 'Q')_-8.0_8_2",draw_deck_flip_1,"{'type': 'draw_deck', 'keep': False, 'flip_position': 1}",12,2
"pub_('J', 'J')_priv_('K', 'Q')_-1.0_7_3",draw_deck_2,"{'type': 'draw_deck', 'position': 2, 'keep': True}",12,3
"pub_('4', 'J', 'J')_priv_('Q',)_-3.5_9_4",draw_deck_3,"{'type': 'draw_deck', 'position': 3, 'keep': True}",12,4
"pub_()_priv_('6', 'Q')_0.5_4_1",take_discard_0,"{'type': 'take_discard', 'position': 0}",13,1
"pub_('4',)_priv_('6', 'Q')_4.0_J_2",take_discard_1,"{'type': 'take_discard', 'position': 1}",13,2
"pub_('4', 'J')_priv_('6', 'Q')_-4.5_8_3",draw_deck_2,"{'type': 'draw_deck', 'position': 2, 'keep': True}",13,3
"pub_('3', '4', 'J')_priv_('6',)_-6.5_Q_4",draw_deck_3,"{'type': 'draw_deck', 'position': 3, 'keep': True}",13,4
"pub_()_priv_('4', '6')_0.0_3_1",take_discard_0,"{'type': 'take_discard', 'position': 0}",14,1
"pub_('3',)_priv_('4', '6')_-5.0_8_2",draw_deck_1,"{'type': 'draw_deck', 'position': 1, 'keep': True}",14,2
"pub_('10', '3')_priv_('4', '6')_-8.0_K_3",draw_deck_2,"{'type': 'draw_deck', 'position': 2, 'keep': True}",14,3
"pub_('10', '3', '5')_priv_('6',)_12.5_10_4",take_discard_3,"{'type': 'take_discard', 'position': 3}",14,4
"pub_()_priv_('6', '8')_-3.5_8_1",draw_deck_0,"{'type': 'draw_deck', 'position': 0, 'keep': True}",15,1
"pub_('Q',)_priv_('6', '8')_-5.0_8_2",draw_deck_1,"{'type': 'draw_deck', 'position': 1, 'keep': True}",15,2
"pub_('5', 'Q')_priv_('6', '8')_-4.0_6_3",draw_deck_2,"{'type': 'draw_deck', 'position': 2, 'keep': True}",15,3
"pub_('5', 'K', 'Q')_priv_('8',)_-5.0_6_4",draw_deck_3,"{'type': 'draw_deck', 'position': 3, 'keep': True}",15,4
"pub_()_priv_('7', '8')_-10.0_Q_1",draw_deck_flip_1,"{'type': 'draw_deck', 'keep': False, 'flip_position': 1}",16,1
"pub_('J',)_priv_('7', '8')_5.0_J_2",take_discard_0,"{'type': 'take_discard', 'position': 0}",16,2
"pub_('J', 'J')_priv_('7', '8')_-3.0_8_3",draw_deck_2,"{'type': 'draw_deck', 'position': 2, 'keep': True}",16,3
"pub_('J', 'J', 'Q')_priv_('8',)_-5.5_10_4",draw_deck_3,"{'type': 'draw_deck', 'position': 3, 'keep': True}",16,4
"pub_()_priv_('2', '9')_-8.0_K_1",draw_deck_0,"{'type': 'draw_deck', 'position': 0, 'keep': True}",17,1
"pub_('7',)_priv_('2', '9')_-8.0_9_2",draw_deck_1,"{'type': 'draw_deck', 'position': 1, 'keep': True}",17,2
"pub_('7', 'Q')_priv_('2', '9')_-4.5_5_3",draw_deck_2,"{'type': 'draw_deck', 'position': 2, 'keep': True}",17,3
"pub_('3', '7', 'Q')_priv_('2',)_-4.0_4_4",draw_deck_3,"{'type': 'draw_deck', 'position': 3, 'keep': True}",17,4
"pub_()_priv_('5', 'Q')_-6.0_K_1",draw_deck_0,"{'type': 'draw_deck', 'position': 0, 'keep': True}",18,1
"pub_('4',)_priv_('5', 'Q')_-6.0_9_2",draw_deck_1,"{'type': 'draw_deck', 'position': 1, 'keep': True}",18,2
"pub_('4', 'J')_priv_('5', 'Q')_-7.0_Q_3",draw_deck_2,"{'type': 'draw_deck', 'position': 2, 'keep': True}",18,3
"pub_('4', '9', 'J')_priv_('Q',)_4.5_J_4",take_discard_3,"{'type': 'take_discard', 'position': 3}",18,4
"pub_()_priv_('2', '9')_-8.0_K_1",draw_deck_0,"{'type': 'draw_deck', 'position': 0, 'keep': True}",19,1
"pub_('2',)_priv_('2', '9')_-6.0_4_2",draw_deck_flip_2,"{'type': 'draw_deck', 'keep': False, 'flip_position': 2}",19,2
"pub_('2', '2')_priv_('9',)_3.5_2_3",take_discard_1,"{'type': 'take_discard', 'position': 1}",19,3
"pub_('2', '2', '2')_priv_('9',)_4.5_A_4",take_discard_3,"{'type': 'take_discard', 'position': 3}",19,4
"pub_()_priv_('2', 'J')_-10.0_K_1",draw_deck_flip_2,"{'type': 'draw_deck', 'keep': False, 'flip_position': 2}",20,1
"pub_('J',)_priv_('2',)_-6.0_7_2",draw_deck_0,"{'type': 'draw_deck', 'position': 0, 'keep': True}",20,2
"pub_('3', 'J')_priv_('2',)_4.0_3_3",take_discard_1,"{'type': 'take_discard', 'position': 1}",20,3
"pub_('3', '3', 'J')_priv_('2',)_-4.0_6_4",draw_deck_3,"{'type': 'draw_deck', 'position': 3, 'keep': True}",20,4
"pub_()_priv_('2', '4')_-2.0_4_1",draw_deck_0,"{'type': 'draw_deck', 'position': 0, 'keep': True}",21,1
"pub_('J',)_priv_('2', '4')_-8.0_10_2",draw_deck_1,"{'type': 'draw_deck', 'position': 1, 'keep': True}",21,2
"pub_('4', 'J')_priv_('2', '4')_-13.0_9_3",draw_deck_flip_2,"{'type': 'draw_deck', 'keep': False, 'flip_position': 2}",21,3
"pub_('4', '4', 'J')_priv_('2',)_-2.0_4_4",draw_deck_3,"{'type': 'draw_deck', 'position': 3, 'keep': True}",21,4
"pub_()_priv_('2', '4')_-8.0_Q_1",draw_deck_0,"{'type': 'draw_deck', 'position': 0, 'keep': True}",22,1
"pub_('7',)_priv_('2', '4')_-9.0_Q_2",draw_deck_1,"{'type': 'draw_deck', 'position': 1, 'keep': True}",22,2
"pub_('7', '8')_priv_('2', '4')_-2.5_3_3",draw_deck_2,"{'type': 'draw_deck', 'position': 2, 'keep': True}",22,3
"pub_('5', '7', '8')_priv_('4',)_-9.0_Q_4",draw_deck_3,"{'type': 'draw_deck', 'position': 3, 'keep': True}",22,4
"pub_()_priv_('7', 'A')_-1.0_2_1",draw_deck_0,"{'type': 'draw_deck', 'position': 0, 'keep': True}",23,1
"pub_('4',)_priv_('7', 'A')_-14.0_K_2",draw_deck_flip_1,"{'type': 'draw_deck', 'keep': False, 'flip_position': 1}",23,2
"pub_('4', '4')_priv_('7', 'A')_-2.0_3_3",draw_deck_2,"{'type': 'draw_deck', 'position': 2, 'keep': True}",23,3
"pub_('4', '4', '6')_priv_('A',)_-2.5_3_4",draw_deck_3,"{'type': 'draw_deck', 'position': 3, 'keep': True}",23,4
"pub_()_priv_('2', '7')_-10.0_10_1",draw_deck_flip_1,"{'type': 'draw_deck', 'keep': False, 'flip_position': 1}",24,1
"pub_('J',)_priv_('2', '7')_-2.0_4_2",draw_deck_0,"{'type': 'draw_deck', 'position': 0, 'keep': True}",24,2
"pub_('3', 'J')_priv_('2', '7')_-8.5_K_3",draw_deck_2,"{'type': 'draw_deck', 'position': 2, 'keep': True}",24,3
"pub_('3', '4', 'J')_priv_('7',)_-1.0_5_4",draw_deck_3,"{'type': 'draw_deck', 'position': 3, 'keep': True}",24,4
"pub_()_priv_('4', '7')_-7.0_Q_1",draw_deck_0,"{'type': 'draw_deck', 'position': 0, 'keep': True}",25,1
"pub_('8',)_priv_('4', '7')_-1.5_4_2",draw_deck_1,"{'type': 'draw_deck', 'position': 1, 'keep': True}",25,2
"pub_('3', '8')_priv_('4', '7')_2.0_J_3",take_discard_2,"{'type': 'take_discard', 'position': 2}",25,3
"pub_('3', '8', 'J')_priv_('7',)_-5.5_9_4",draw_deck_3,"{'type': 'draw_deck', 'position': 3, 'keep': True}",25,4
"pub_()_priv_('5', '8')_-6.0_10_1",draw_deck_0,"{'type': 'draw_deck', 'position': 0, 'keep': True}",26,1
"pub_('10',)_priv_('5', '8')_-2.0_5_2",draw_deck_1,"{'type': 'draw_deck', 'position': 1, 'keep': True}",26,2
"pub_('10', '5')_priv_('5', '8')_-9.0_4_3",draw_deck_2,"{'type': 'draw_deck', 'position': 2, 'keep': True}",26,3
"pub_('10', '4', '5')_priv_('8',)_0.5_3_4",take_discard_3,"{'type': 'take_discard', 'position': 3}",26,4
"pub_()_priv_('10', '3')_-3.5_6_1",draw_deck_0,"{'type': 'draw_deck', 'position': 0, 'keep': True}",27,1
"pub_('10',)_priv_('10', '3')_-15.0_5_2",draw_deck_flip_1,"{'type': 'draw_deck', 'keep': False, 'flip_position': 1}",27,2
"pub_('10', '10')_priv_('10', '3')_-7.5_K_3",draw_deck_2,"{'type': 'draw_deck', 'position': 2, 'keep': True}",27,3
"pub_('10', '10', 'Q')_priv_('3',)_-6.5_8_4",draw_deck_3,"{'type': 'draw_deck', 'position': 3, 'keep': True}",27,4
"pub_()_priv_('2', '5')_-2.0_4_1",draw_deck_0,"{'type': 'draw_deck', 'position': 0, 'keep': True}",28,1
"pub_('3',)_priv_('2', '5')_-5.5_7_2",draw_deck_1,"{'type': 'draw_deck', 'position': 1, 'keep': True}",28,2
"pub_('3', '9')_priv_('2', '5')_-9.5_K_3",draw_deck_2,"{'type': 'draw_deck', 'position': 2, 'keep': True}",28,3
"pub_('3', '3', '9')_priv_('2',)_1.0_J_4",take_discard_3,"{'type': 'take_discard', 'position': 3}",28,4
"pub_()_priv_('10', '5')_1.5_A_1",take_discard_0,"{'type': 'take_discard', 'position': 0}",29,1
"pub_('A',)_priv_('10', '5')_-7.0_Q_2",draw_deck_1,"{'type': 'draw_deck', 'position': 1, 'keep': True}",29,2
"pub_('6', 'A')_priv_('10', '5')_-7.0_Q_3",draw_deck_2,"{'type': 'draw_deck', 'position': 2, 'keep': True}",29,3
"pub_('6', '7', 'A')_priv_('5',)_9.0_7_4",take_discard_3,"{'type': 'take_discard', 'position': 3}",29,4
"pub_()_priv_('10', 'K')_-8.0_8_1",draw_deck_flip_0,"{'type': 'draw_deck', 'keep': False, 'flip_position': 0}",30,1
"pub_('J',)_priv_('10', 'K')_1.5_3_2",take_discard_3,"{'type': 'take_discard', 'position': 3}",30,2
"pub_('3', 'J')_priv_('10',)_-6.0_K_3",draw_deck_1,"{'type': 'draw_deck', 'position': 1, 'keep': True}",30,3
"pub_('3', '3', 'J')_priv_('10',)_4.0_2_4",take_discard_2,"{'type': 'take_discard', 'position': 2}",30,4
"pub_()_priv_('4', 'A')_-7.0_7_1",draw_deck_flip_1,"{'type': 'draw_deck', 'keep': False, 'flip_position': 1}",31,1
"pub_('J',)_priv_('4', 'A')_-9.0_K_2",draw_deck_0,"{'type': 'draw_deck', 'position': 0, 'keep': True}",31,2
"pub_('2', 'J')_priv_('4', 'A')_-5.5_6_3",draw_deck_2,"{'type': 'draw_deck', 'position': 2, 'keep': True}",31,3
"pub_('2', '5', 'J')_priv_('A',)_-3.5_4_4",draw_deck_3,"{'type': 'draw_deck', 'position': 3, 'keep': True}",31,4
"pub_()_priv_('2', '3')_-4.0_6_1",draw_deck_0,"{'type': 'draw_deck', 'position': 0, 'keep': True}",32,1
"pub_('9',)_priv_('2', '3')_10.5_9_2",take_discard_1,"{'type': 'take_discard', 'position': 1}",32,2
"pub_('9', '9')_priv_('2', '3')_-8.5_Q_3",draw_deck_2,"{'type': 'draw_deck', 'position': 2, 'keep': True}",32,3
"pub_('6', '9', '9')_priv_('2',)_-6.5_8_4",draw_deck_3,"{'type': 'draw_deck', 'position': 3, 'keep': True}",32,4
"pub_()_priv_('8', '9')_1.0_4_1",take_discard_0,"{'type': 'take_discard', 'position': 0}",33,1
"pub_('4',)_priv_('8', '9')_-5.5_10_2",draw_deck_1,"{'type': 'draw_deck', 'position': 1, 'keep': True}",33,2
"pub_('4', '6')_priv_('8', '9')_-3.5_7_3",draw_deck_2,"{'type': 'draw_deck', 'position': 2, 'keep': True}",33,3
"pub_('4', '5', '6')_priv_('8',)_1.0_2_4",take_discard_3,"{'type': 'take_discard', 'position': 3}",33,4
"pub_()_priv_('7', '8')_5.0_J_1",take_discard_0,"{'type': 'take_discard', 'position': 0}",34,1
"pub_('J',)_priv_('7', '8')_-2.0_7_2",draw_deck_1,"{'type': 'draw_deck', 'position': 1, 'keep': True}",34,2
"pub_('A', 'J')_priv_('7', '8')_-4.5_9_3",draw_deck_2,"{'type': 'draw_deck', 'position': 2, 'keep': True}",34,3
"pub_('A', 'J', 'K')_priv_('8',)_-4.5_8_4",draw_deck_3,"{'type': 'draw_deck', 'position': 3, 'keep': True}",34,4
"pub_()_priv_('10', '2')_-1.0_3_1",draw_deck_0,"{'type': 'draw_deck', 'position': 0, 'keep': True}",35,1
"pub_('3',)_priv_('10', '2')_-6.5_8_2",draw_deck_1,"{'type': 'draw_deck', 'position': 1, 'keep': True}",35,2
"pub_('3', 'K')_priv_('10', '2')_-3.5_4_3",draw_deck_2,"{'type': 'draw_deck', 'position': 2, 'keep': True}",35,3
"pub_('3', 'A', 'K')_priv_('10',)_2.0_2_4",take_discard_3,"{'type': 'take_discard', 'position': 3}",35,4
"pub_()_priv_('10', '5')_-5.0_6_1",draw_deck_0,"{'type': 'draw_deck', 'position': 0, 'keep': True}",36,1
"pub_('A',)_priv_('10', '5')_-5.0_4_2",draw_deck_flip_1,"{'type': 'draw_deck', 'keep': False, 'flip_position': 1}",36,2
"pub_('A', 'A')_priv_('10', '5')_3.0_A_3",take_discard_2,"{'type': 'take_discard', 'position': 2}",36,3
"pub_('A', 'A', 'A')_priv_('5',)_-6.0_10_4",draw_deck_3,"{'type': 'draw_deck', 'position': 3, 'keep': True}",36,4
"pub_()_priv_('4', 'A')_-5.0_6_1",draw_deck_0,"{'type': 'draw_deck', 'position': 0, 'keep': True}",37,1
"pub_('8',)_priv_('4', 'A')_-9.5_10_2",draw_deck_1,"{'type': 'draw_deck', 'position': 1, 'keep': True}",37,2
"pub_('7', '8')_priv_('4', 'A')_-3.5_3_3",draw_deck_2,"{'type': 'draw_deck', 'position': 2, 'keep': True}",37,3
"pub_('7', '8', '9')_priv_('4',)_-0.5_A_4",draw_deck_3,"{'type': 'draw_deck', 'position': 3, 'keep': True}",37,4
"pub_()_priv_('5', 'A')_-9.0_K_1",draw_deck_0,"{'type': 'draw_deck', 'position': 0, 'keep': True}",38,1
"pub_('6',)_priv_('5', 'A')_-1.5_2_2",draw_deck_3,"{'type': 'draw_deck', 'position': 3, 'keep': True}",38,2
"pub_('6', '8')_priv_('5',)_1.0_A_3",take_discard_1,"{'type': 'take_discard', 'position': 1}",38,3
"pub_('6', '8', 'A')_priv_('5',)_-5.0_7_4",draw_deck_2,"{'type': 'draw_deck', 'position': 2, 'keep': True}",38,4
"pub_()_priv_('4', '8')_-6.0_6_1",draw_deck_flip_1,"{'type': 'draw_deck', 'keep': False, 'flip_position': 1}",39,1
"pub_('J',)_priv_('4', '8')_1.5_A_2",take_discard_0,"{'type': 'take_discard', 'position': 0}",39,2
"pub_('A', 'J')_priv_('4', '8')_-5.5_9_3",draw_deck_2,"{'type': 'draw_deck', 'position': 2, 'keep': True}",39,3
"pub_('2', 'A', 'J')_priv_('4',)_-7.0_10_4",draw_deck_3,"{'type': 'draw_deck', 'position': 3, 'keep': True}",39,4
"pub_()_priv_('8', 'K')_-2.5_7_1",draw_deck_0,"{'type': 'draw_deck', 'position': 0, 'keep': True}",40,1
"pub_('7',)_priv_('8', 'K')_1.5_3_2",take_discard_1,"{'type': 'take_discard', 'position': 1}",40,2
"pub_('3', '7')_priv_('8', 'K')_-6.0_Q_3",draw_deck_2,"{'type': 'draw_deck', 'position': 2, 'keep': True}",40,3
"pub_('3', '7', 'K')_priv_('K',)_-14.0_4_4",draw_deck_flip_3,"{'type': 'draw_deck', 'keep': False, 'flip_position': 3}",40,4
"pub_()_priv_('3', 'Q')_-7.5_K_1",draw_deck_0,"{'type': 'draw_deck', 'position': 0, 'keep': True}",41,1
"pub_('5',)_priv_('3', 'Q')_1.0_A_2",take_discard_1,"{'type': 'take_discard', 'position': 1}",41,2
"pub_('5', 'A')_priv_('3', 'Q')_7.0_5_3",take_discard_2,"{'type': 'take_discard', 'position': 2}",41,3
"pub_('5', '5', 'A')_priv_('Q',)_2.5_3_4",take_discard_3,"{'type': 'take_discard', 'position': 3}",41,4
"pub_()_priv_('2', 'Q')_-8.0_K_1",draw_deck_0,"{'type': 'draw_deck', 'position': 0, 'keep': True}",42,1
"pub_('9',)_priv_('2', 'Q')_-5.0_6_2",draw_deck_1,"{'type': 'draw_deck', 'position': 1, 'keep': True}",42,2
"pub_('8', '9')_priv_('2', 'Q')_-3.5_4_3",draw_deck_2,"{'type': 'draw_deck', 'position': 2, 'keep': True}",42,3
"pub_('7', '8', '9')_priv_('Q',)_0.5_2_4",take_discard_3,"{'type': 'take_discard', 'position': 3}",42,4
"pub_()_priv_('6', '9')_-9.0_10_1",draw_deck_0,"{'type': 'draw_deck', 'position': 0, 'keep': True}",43,1
"pub_('Q',)_priv_('6', '9')_-3.0_4_2",draw_deck_1,"{'type': 'draw_deck', 'position': 1, 'keep': True}",43,2
"pub_('5', 'Q')_priv_('6', '9')_8.0_5_3",take_discard_2,"{'type': 'take_discard', 'position': 2}",43,3
"pub_('5', '5', 'Q')_priv_('6',)_-4.0_7_4",draw_deck_3,"{'type': 'draw_deck', 'position': 3, 'keep': True}",43,4
"pub_()_priv_('8', 'J')_-4.0_4_1",draw_deck_flip_3,"{'type': 'draw_deck', 'keep': False, 'flip_position': 3}",44,1
"pub_('J',)_priv_('8',)_-1.5_6_2",draw_deck_0,"{'type': 'draw_deck', 'position': 0, 'keep': True}",44,2
"pub_('6', 'J')_priv_('8',)_-15.0_9_3",draw_deck_flip_1,"{'type': 'draw_deck', 'keep': False, 'flip_position': 1}",44,3
"pub_('6', '6', 'J')_priv_('8',)_3.5_2_4",take_discard_2,"{'type': 'take_discard', 'position': 2}",44,4
"pub_()_priv_('2', 'K')_-3.0_3_1",draw_deck_flip_1,"{'type': 'draw_deck', 'keep': False, 'flip_position': 1}",45,1
"pub_('J',)_priv_('2', 'K')_-5.0_7_2",draw_deck_0,"{'type': 'draw_deck', 'position': 0, 'keep': True}",45,2
"pub_('10', 'J')_priv_('2', 'K')_-5.0_6_3",draw_deck_2,"{'type': 'draw_deck', 'position': 2, 'keep': True}",45,3
"pub_('10', 'J', 'J')_priv_('K',)_3.5_A_4",take_discard_3,"{'type': 'take_discard', 'position': 3}",45,4
"pub_()_priv_('3', 'Q')_-6.5_9_1",draw_deck_0,"{'type': 'draw_deck', 'position': 0, 'keep': True}",46,1
"pub_('K',)_priv_('3', 'Q')_0.5_A_2",take_discard_1,"{'type': 'take_discard', 'position': 1}",46,2
"pub_('A', 'K')_priv_('3', 'Q')_-5.5_7_3",draw_deck_2,"{'type': 'draw_deck', 'position': 2, 'keep': True}",46,3
"pub_('A', 'K', 'Q')_priv_('3',)_-4.0_5_4",draw_deck_3,"{'type': 'draw_deck', 'position': 3, 'keep': True}",46,4
"pub_()_priv_('2', '4')_2.0_J_1",take_discard_0,"{'type': 'take_discard', 'position': 0}",47,1
"pub_('J',)_priv_('2', '4')_-2.0_4_2",draw_deck_1,"{'type': 'draw_deck', 'position': 1, 'keep': True}",47,2
"pub_('J', 'K')_priv_('2', '4')_-3.0_4_3",draw_deck_2,"{'type': 'draw_deck', 'position': 2, 'keep': True}",47,3
"pub_('A', 'J', 'K')_priv_('4',)_0.0_2_4",take_discard_3,"{'type': 'take_discard', 'position': 3}",47,4
"pub_()_priv_('A', 'K')_0.0_J_1",take_discard_0,"{'type': 'take_discard', 'position': 0}",48,1
"pub_('J',)_priv_('A', 'K')_1.0_J_2",take_discard_1,"{'type': 'take_discard', 'position': 1}",48,2
"pub_('J', 'J')_priv_('A', 'K')_-6.0_7_3",draw_deck_2,"{'type': 'draw_deck', 'position': 2, 'keep': True}",48,3
"pub_('A', 'J', 'J')_priv_('A',)_-11.0_K_4",draw_deck_flip_3,"{'type': 'draw_deck', 'keep': False, 'flip_position': 3}",48,4
"pub_()_priv_('7', 'A')_-1.0_2_1",draw_deck_0,"{'type': 'draw_deck', 'position': 0, 'keep': True}",49,1
"pub_('J',)_priv_('7', 'A')_-2.0_3_2",draw_deck_1,"{'type': 'draw_deck', 'position': 1, 'keep': True}",49,2
"pub_('A', 'J')_priv_('7', 'A')_-11.0_K_3",draw_deck_flip_3,"{'type': 'draw_deck', 'keep': False, 'flip_position': 3}",49,3
"pub_('A', 'A', 'J')_priv_('7',)_4.0_A_4",take_discard_2,"{'type': 'take_discard', 'position': 2}",49,4
"pub_()_priv_('3', 'K')_0.5_2_1",take_discard_0,"{'type': 'take_discard', 'position': 0}",50,1
"pub_('2',)_priv_('3', 'K')_-4.5_7_2",draw_deck_1,"{'type': 'draw_deck', 'position': 1, 'keep': True}",50,2
"pub_('2', 'K')_priv_('3', 'K')_-18.0_8_3",draw_deck_flip_3,"{'type': 'draw_deck', 'keep': False, 'flip_position': 3}",50,3
"pub_('2', 'K', 'K')_priv_('3',)_-3.0_5_4",draw_deck_2,"{'type': 'draw_deck', 'position': 2, 'keep': True}",50,4
"pub_()_priv_('A', 'A')_-8.0_9_1",draw_deck_0,"{'type': 'draw_deck', 'position': 0, 'keep': True}",51,1
"pub_('3',)_priv_('A', 'A')_-9.5_K_2",draw_deck_1,"{'type': 'draw_deck', 'position': 1, 'keep': True}",51,2
"pub_('3', '6')_priv_('A', 'A')_0.0_J_3",take_discard_2,"{'type': 'take_discard', 'position': 2}",51,3
"pub_('3', '6', 'J')_priv_('A',)_-4.0_4_4",draw_deck_3,"{'type': 'draw_deck', 'position': 3, 'keep': True}",51,4
"pub_()_priv_('4', '7')_-3.0_3_1",draw_deck_flip_1,"{'type': 'draw_deck', 'keep': False, 'flip_position': 1}",52,1
"pub_('J',)_priv_('4', '7')_-5.0_6_2",draw_deck_0,"{'type': 'draw_deck', 'position': 0, 'keep': True}",52,2
"pub_('10', 'J')_priv_('4', '7')_1.5_A_3",take_discard_2,"{'type': 'take_discard', 'position': 2}",52,3
"pub_('10', 'A', 'J')_priv_('4',)_2.5_J_4",take_discard_3,"{'type': 'take_discard', 'position': 3}",52,4
"pub_()_priv_('4', '7')_-8.0_8_1",draw_deck_flip_1,"{'type': 'draw_deck', 'keep': False, 'flip_position': 1}",53,1
"pub_('J',)_priv_('4', '7')_-7.5_10_2",draw_deck_0,"{'type': 'draw_deck', 'position': 0, 'keep': True}",53,2
"pub_('5', 'J')_priv_('4', '7')_2.0_A_3",take_discard_2,"{'type': 'take_discard', 'position': 2}",53,3
"pub_('5', 'A', 'J')_priv_('4',)_-7.5_K_4",draw_deck_3,"{'type': 'draw_deck', 'position': 3, 'keep': True}",53,4
"pub_()_priv_('8', 'A')_-4.0_5_1",draw_deck_0,"{'type': 'draw_deck', 'position': 0, 'keep': True}",54,1
"pub_('2',)_priv_('8', 'A')_-2.5_3_2",draw_deck_1,"{'type': 'draw_deck', 'position': 1, 'keep': True}",54,2
"pub_('2', 'J')_priv_('8', 'A')_-5.5_6_3",draw_deck_2,"{'type': 'draw_deck', 'position': 2, 'keep': True}",54,3
"pub_('2', '2', 'J')_priv_('A',)_-7.0_8_4",draw_deck_3,"{'type': 'draw_deck', 'position': 3, 'keep': True}",54,4
"pub_()_priv_('10', 'A')_-5.0_6_1",draw_deck_0,"{'type': 'draw_deck', 'position': 0, 'keep': True}",55,1
"pub_('10',)_priv_('10', 'A')_-16.0_6_2",draw_deck_flip_3,"{'type': 'draw_deck', 'keep': False, 'flip_position': 3}",55,2
"pub_('10', '10')_priv_('A',)_-9.0_10_3",draw_deck_1,"{'type': 'draw_deck', 'position': 1, 'keep': True}",55,3
"pub_('10', '10', '4')_priv_('A',)_-9.5_Q_4",draw_deck_2,"{'type': 'draw_deck', 'position': 2, 'keep': True}",55,4
"pub_()_priv_('6', 'J')_-10.0_K_1",draw_deck_flip_2,"{'type': 'draw_deck', 'keep': False, 'flip_position': 2}",56,1
"pub_('J',)_priv_('6',)_2.5_J_2",take_discard_0,"{'type': 'take_discard', 'position': 0}",56,2
"pub_('J', 'J')_priv_('6',)_2.5_2_3",take_discard_1,"{'type': 'take_discard', 'position': 1}",56,3
"pub_('2', 'J', 'J')_priv_('6',)_-6.0_Q_4",draw_deck_3,"{'type': 'draw_deck', 'position': 3, 'keep': True}",56,4
"pub_()_priv_('2', 'Q')_-3.0_3_1",draw_deck_flip_0,"{'type': 'draw_deck', 'keep': False, 'flip_position': 0}",57,1
"pub_('J',)_priv_('2', 'Q')_0.0_2_2",draw_deck_1,"{'type': 'draw_deck', 'position': 1, 'keep': True}",57,2
"pub_('7', 'J')_priv_('2', 'Q')_1.0_J_3",take_discard_2,"{'type': 'take_discard', 'position': 2}",57,3
"pub_('7', 'J', 'J')_priv_('Q',)_-0.5_6_4",draw_deck_3,"{'type': 'draw_deck', 'position': 3, 'keep': True}",57,4
"pub_()_priv_('K', 'Q')_-2.0_6_1",draw_deck_0,"{'type': 'draw_deck', 'position': 0, 'keep': True}",58,1
"pub_('4',)_priv_('K', 'Q')_-1.0_5_2",draw_deck_1,"{'type': 'draw_deck', 'position': 1, 'keep': True}",58,2
"pub_('4', '6')_priv_('K', 'Q')_-2.5_7_3",draw_deck_2,"{'type': 'draw_deck', 'position': 2, 'keep': True}",58,3
"pub_('3', '4', '6')_priv_('Q',)_-4.0_8_4",draw_deck_3,"{'type': 'draw_deck', 'position': 3, 'keep': True}",58,4
"pub_()_priv_('2', '7')_-8.0_10_1",draw_deck_0,"{'type': 'draw_deck', 'position': 0, 'keep': True}",59,1
"pub_('9',)_priv_('2', '7')_-4.0_5_2",draw_deck_1,"{'type': 'draw_deck', 'position': 1, 'keep': True}",59,2
"pub_('8', '9')_priv_('2', '7')_-4.5_5_3",draw_deck_2,"{'type': 'draw_deck', 'position': 2, 'keep': True}",59,3
"pub_('8', '9', 'A')_priv_('7',)_1.0_2_4",take_discard_3,"{'type': 'take_discard', 'position': 3}",59,4
"pub_()_priv_('10', '2')_-7.0_9_1",draw_deck_0,"{'type': 'draw_deck', 'position': 0, 'keep': True}",60,1
"pub_('5',)_priv_('10', '2')_-6.5_8_2",draw_deck_1,"{'type': 'draw_deck', 'position': 1, 'keep': True}",60,2
"pub_('5', 'Q')_priv_('10', '2')_0.5_J_3",take_discard_2,"{'type': 'take_discard', 'position': 2}",60,3
"pub_('5', 'J', 'Q')_priv_('10',)_14.0_Q_4",take_discard_3,"{'type': 'take_discard', 'position': 3}",60,4
"pub_()_priv_('10', '4')_-5.0_7_1",draw_deck_0,"{'type': 'draw_deck', 'position': 0, 'keep': True}",61,1
"pub_('Q',)_priv_('10', '4')_11.0_Q_2",take_discard_1,"{'type': 'take_discard', 'position': 1}",61,2
"pub_('Q', 'Q')_priv_('10', '4')_-2.0_5_3",draw_deck_2,"{'type': 'draw_deck', 'position': 2, 'keep': True}",61,3
"pub_('6', 'Q', 'Q')_priv_('10',)_1.0_4_4",take_discard_3,"{'type': 'take_discard', 'position': 3}",61,4
"pub_()_priv_('10', 'Q')_-3.5_6_1",draw_deck_0,"{'type': 'draw_deck', 'position': 0, 'keep': True}",62,1
"pub_('10',)_priv_('10', 'Q')_-18.0_8_2",draw_deck_flip_3,"{'type': 'draw_deck', 'keep': False, 'flip_position': 3}",62,2
"pub_('10', '10')_priv_('Q',)_-7.5_Q_3",draw_deck_1,"{'type': 'draw_deck', 'position': 1, 'keep': True}",62,3
"pub_('10', '10', '4')_priv_('Q',)_2.0_3_4",take_discard_2,"{'type': 'take_discard', 'position': 2}",62,4
"pub_()_priv_('2', 'A')_-3.0_4_1",draw_deck_0,"{'type': 'draw_deck', 'position': 0, 'keep': True}",63,1
"pub_('6',)_priv_('2', 'A')_-2.5_3_2",draw_deck_1,"{'type': 'draw_deck', 'position': 1, 'keep': True}",63,2
"pub_('6', 'J')_priv_('2', 'A')_-0.5_A_3",draw_deck_2,"{'type': 'draw_deck', 'position': 2, 'keep': True}",63,3
"pub_('2', '6', 'J')_priv_('2',)_-3.5_A_4",draw_deck_3,"{'type': 'draw_deck', 'position': 3, 'keep': True}",63,4
"pub_()_priv_('6', '7')_-3.5_8_1",draw_deck_0,"{'type': 'draw_deck', 'position': 0, 'keep': True}",64,1
"pub_('9',)_priv_('6', '7')_-6.5_K_2",draw_deck_1,"{'type': 'draw_deck', 'position': 1, 'keep': True}",64,2
"pub_('6', '9')_priv_('6', '7')_-6.0_J_3",draw_deck_2,"{'type': 'draw_deck', 'position': 2, 'keep': True}",64,3
"pub_('6', '9', 'J')_priv_('7',)_0.0_3_4",take_discard_3,"{'type': 'take_discard', 'position': 3}",64,4
"pub_()_priv_('2', 'K')_-7.0_9_1",draw_deck_0,"{'type': 'draw_deck', 'position': 0, 'keep': True}",65,1
"pub_('J',)_priv_('2', 'K')_-1.0_3_2",draw_deck_1,"{'type': 'draw_deck', 'position': 1, 'keep': True}",65,2
"pub_('J', 'K')_priv_('2', 'K')_-20.0_10_3",draw_deck_flip_2,"{'type': 'draw_deck', 'keep': False, 'flip_position': 2}",65,3
"pub_('J', 'K', 'K')_priv_('2',)_1.0_A_4",take_discard_3,"{'type': 'take_discard', 'position': 3}",65,4
"pub_()_priv_('3', '6')_-7.5_10_1",draw_deck_0,"{'type': 'draw_deck', 'position': 0, 'keep': True}",66,1
"pub_('9',)_priv_('3', '6')_-6.5_8_2",draw_deck_1,"{'type': 'draw_deck', 'position': 1, 'keep': True}",66,2
"pub_('2', '9')_priv_('3', '6')_-8.5_Q_3",draw_deck_2,"{'type': 'draw_deck', 'position': 2, 'keep': True}",66,3
"pub_('2', '9', 'A')_priv_('3',)_-2.0_3_4",draw_deck_3,"{'type': 'draw_deck', 'position': 3, 'keep': True}",66,4
"pub_()_priv_('8', 'J')_-8.0_8_1",draw_deck_flip_2,"{'type': 'draw_deck', 'keep': False, 'flip_position': 2}",67,1
"pub_('J',)_priv_('8',)_-6.5_9_2",draw_deck_0,"{'type': 'draw_deck', 'position': 0, 'keep': True}",67,2
"pub_('5', 'J')_priv_('8',)_-15.0_10_3",draw_deck_flip_1,"{'type': 'draw_deck', 'keep': False, 'flip_position': 1}",67,3
"pub_('5', '5', 'J')_priv_('8',)_2.5_3_4",take_discard_3,"{'type': 'take_discard', 'position': 3}",67,4
"pub_()_priv_('7', '9')_-4.5_9_1",draw_deck_0,"{'type': 'draw_deck', 'position': 0, 'keep': True}",68,1
"pub_('9',)_priv_('7', '9')_-19.0_K_2",draw_deck_flip_2,"{'type': 'draw_deck', 'keep': False, 'flip_position': 2}",68,2
"pub_('9', '9')_priv_('7',)_-3.5_8_3",draw_deck_1,"{'type': 'draw_deck', 'position': 1, 'keep': True}",68,3
"pub_('9', '9', 'J')_priv_('7',)_-2.5_7_4",draw_deck_3,"{'type': 'draw_deck', 'position': 3, 'keep': True}",68,4
"pub_()_priv_('J', 'Q')_-6.0_6_1",draw_deck_flip_3,"{'type': 'draw_deck', 'keep': False, 'flip_position': 3}",69,1
"pub_('J',)_priv_('Q',)_0.5_2_2",take_discard_0,"{'type': 'take_discard', 'position': 0}",69,2
"pub_('2', 'J')_priv_('Q',)_-3.5_6_3",draw_deck_1,"{'type': 'draw_deck', 'position': 1, 'keep': True}",69,3
"pub_('2', 'J', 'Q')_priv_('Q',)_-18.0_8_4",draw_deck_flip_2,"{'type': 'draw_deck', 'keep': False, 'flip_position': 2}",69,4
"pub_()_priv_('5', 'J')_-3.0_3_1",draw_deck_flip_3,"{'type': 'draw_deck', 'keep': False, 'flip_position': 3}",70,1
"pub_('J',)_priv_('5',)_3.0_A_2",take_discard_0,"{'type': 'take_discard', 'position': 0}",70,2
"pub_('A', 'J')_priv_('5',)_-4.0_8_3",draw_deck_1,"{'type': 'draw_deck', 'position': 1, 'keep': True}",70,3
"pub_('2', 'A', 'J')_priv_('5',)_-4.5_8_4",draw_deck_2,"{'type': 'draw_deck', 'position': 2, 'keep': True}",70,4
"pub_()_priv_('2', '7')_-5.0_6_1",draw_deck_0,"{'type': 'draw_deck', 'position': 0, 'keep': True}",71,1
"pub_('3',)_priv_('2', '7')_-9.5_10_2",draw_deck_1,"{'type': 'draw_deck', 'position': 1, 'keep': True}",71,2
"pub_('3', 'J')_priv_('2', '7')_1.5_J_3",take_discard_2,"{'type': 'take_discard', 'position': 2}",71,3
"pub_('3', 'J', 'J')_priv_('7',)_5.0_J_4",take_discard_3,"{'type': 'take_discard', 'position': 3}",71,4
"pub_()_priv_('8', 'K')_-3.0_8_1",draw_deck_0,"{'type': 'draw_deck', 'position': 0, 'keep': True}",72,1
"pub_('K',)_priv_('8', 'K')_-17.0_7_2",draw_deck_flip_3,"{'type': 'draw_deck', 'keep': False, 'flip_position': 3}",72,2
"pub_('K', 'K')_priv_('8',)_2.0_3_3",take_discard_1,"{'type': 'take_discard', 'position': 1}",72,3
"pub_('3', 'K', 'K')_priv_('8',)_-1.5_6_4",draw_deck_2,"{'type': 'draw_deck', 'position': 2, 'keep': True}",72,4
"pub_()_priv_('10', '3')_-6.0_7_1",draw_deck_0,"{'type': 'draw_deck', 'position': 0, 'keep': True}",73,1
"pub_('J',)_priv_('10', '3')_-9.0_Q_2",draw_deck_1,"{'type': 'draw_deck', 'position': 1, 'keep': True}",73,2
"pub_('3', 'J')_priv_('10', '3')_-4.0_A_3",draw_deck_flip_3,"{'type': 'draw_deck', 'keep': False, 'flip_position': 3}",73,3
"pub_('3', '3', 'J')_priv_('10',)_-3.0_9_4",draw_deck_2,"{'type': 'draw_deck', 'position': 2, 'keep': True}",73,4
"pub_()_priv_('5', 'Q')_-3.0_7_1",draw_deck_0,"{'type': 'draw_deck', 'position': 0, 'keep': True}",74,1
"pub_('3',)_priv_('5', 'Q')_2.5_A_2",take_discard_1,"{'type': 'take_discard', 'position': 1}",74,2
"pub_('3', 'A')_priv_('5', 'Q')_4.5_A_3",take_discard_2,"{'type': 'take_discard', 'position': 2}",74,3
"pub_('3', 'A', 'A')_priv_('5',)_-6.5_Q_4",draw_deck_3,"{'type': 'draw_deck', 'position': 3, 'keep': True}",74,4
"pub_()_priv_('3', '6')_1.5_A_1",take_discard_0,"{'type': 'take_discard', 'position': 0}",75,1
"pub_('A',)_priv_('3', '6')_-2.5_5_2",draw_deck_1,"{'type': 'draw_deck', 'position': 1, 'keep': True}",75,2
"pub_('5', 'A')_priv_('3', '6')_-4.0_6_3",draw_deck_2,"{'type': 'draw_deck', 'position': 2, 'keep': True}",75,3
"pub_('5', 'A', 'A')_priv_('6',)_-2.0_6_4",draw_deck_3,"{'type': 'draw_deck', 'position': 3, 'keep': True}",75,4
"pub_()_priv_('5', '5')_-1.0_A_1",draw_deck_flip_1,"{'type': 'draw_deck', 'keep': False, 'flip_position': 1}",76,1
"pub_('J',)_priv_('5', '5')_0.0_2_2",draw_deck_0,"{'type': 'draw_deck', 'position': 0, 'keep': True}",76,2
"pub_('2', 'J')_priv_('5', '5')_-2.0_6_3",draw_deck_2,"{'type': 'draw_deck', 'position': 2, 'keep': True}",76,3
"pub_('2', '7', 'J')_priv_('5',)_-3.0_6_4",draw_deck_3,"{'type': 'draw_deck', 'position': 3, 'keep': True}",76,4
"pub_()_priv_('10', '5')_-10.0_Q_1",draw_deck_flip_0,"{'type': 'draw_deck', 'keep': False, 'flip_position': 0}",77,1
"pub_('J',)_priv_('10', '5')_-2.0_6_2",draw_deck_1,"{'type': 'draw_deck', 'position': 1, 'keep': True}",77,2
"pub_('2', 'J')_priv_('10', '5')_-1.5_5_3",draw_deck_2,"{'type': 'draw_deck', 'position': 2, 'keep': True}",77,3
"pub_('2', 'J', 'J')_priv_('10',)_3.0_3_4",take_discard_3,"{'type': 'take_discard', 'position': 3}",77,4
"pub_()_priv_('2', 'K')_-1.0_2_1",draw_deck_0,"{'type': 'draw_deck', 'position': 0, 'keep': True}",78,1
"pub_('9',)_priv_('2', 'K')_-5.0_6_2",draw_deck_1,"{'type': 'draw_deck', 'position': 1, 'keep': True}",78,2
"pub_('9', 'A')_priv_('2', 'K')_10.0_9_3",take_discard_2,"{'type': 'take_discard', 'position': 2}",78,3
"pub_('9', '9', 'A')_priv_('K',)_-2.5_8_4",draw_deck_3,"{'type': 'draw_deck', 'position': 3, 'keep': True}",78,4
"pub_()_priv_('3', '3')_-7.5_K_1",draw_deck_0,"{'type': 'draw_deck', 'position': 0, 'keep': True}",79,1
"pub_('3',)_priv_('3', '3')_-13.0_Q_2",draw_deck_flip_2,"{'type': 'draw_deck', 'keep': False, 'flip_position': 2}",79,2
"pub_('3', '3')_priv_('3',)_-0.5_3_3",draw_deck_1,"{'type': 'draw_deck', 'position': 1, 'keep': True}",79,3
"pub_('3', '3', '4')_priv_('3',)_-8.0_10_4",draw_deck_3,"{'type': 'draw_deck', 'position': 3, 'keep': True}",79,4
"pub_()_priv_('10', 'K')_-9.0_Q_1",draw_deck_0,"{'type': 'draw_deck', 'position': 0, 'keep': True}",80,1
"pub_('K',)_priv_('10', 'K')_-17.0_7_2",draw_deck_3,"{'type': 'draw_deck', 'position': 3, 'keep': True}",80,2
"pub_('J', 'K')_priv_('K',)_-18.0_8_3",draw_deck_flip_2,"{'type': 'draw_deck', 'keep': False, 'flip_position': 2}",80,3
"pub_('J', 'K', 'K')_priv_()_-6.0_K_4",draw_deck_1,"{'type': 'draw_deck', 'position': 1, 'keep': True}",80,4
"pub_()_priv_('8', 'J')_-3.0_3_1",draw_deck_flip_3,"{'type': 'draw_deck', 'keep': False, 'flip_position': 3}",81,1
"pub_('J',)_priv_('8',)_-3.0_5_2",draw_deck_0,"{'type': 'draw_deck', 'position': 0, 'keep': True}",81,2
"pub_('4', 'J')_priv_('8',)_-13.0_9_3",draw_deck_flip_1,"{'type': 'draw_deck', 'keep': False, 'flip_position': 1}",81,3
"pub_('4', '4', 'J')_priv_('8',)_4.5_A_4",take_discard_2,"{'type': 'take_discard', 'position': 2}",81,4
"pub_()_priv_('10', 'A')_-3.0_4_1",draw_deck_0,"{'type': 'draw_deck', 'position': 0, 'keep': True}",82,1
"pub_('7',)_priv_('10', 'A')_-3.5_4_2",draw_deck_1,"{'type': 'draw_deck', 'position': 1, 'keep': True}",82,2
"pub_('2', '7')_priv_('10', 'A')_0.0_J_3",take_discard_2,"{'type': 'take_discard', 'position': 2}",82,3
"pub_('2', '7', 'J')_priv_('10',)_7.5_2_4",take_discard_3,"{'type': 'take_discard', 'position': 3}",82,4
"pub_()_priv_('7', 'K')_-9.0_Q_1",draw_deck_0,"{'type': 'draw_deck', 'position': 0, 'keep': True}",83,1
"pub_('2',)_priv_('7', 'K')_4.5_J_2",take_discard_1,"{'type': 'take_discard', 'position': 1}",83,2
"pub_('2', 'J')_priv_('7', 'K')_7.0_2_3",take_discard_2,"{'type': 'take_discard', 'position': 2}",83,3
"pub_('2', '2', 'J')_priv_('K',)_-1.0_7_4",draw_deck_3,"{'type': 'draw_deck', 'position': 3, 'keep': True}",83,4
"pub_()_priv_('4', '5')_-7.0_K_1",draw_deck_0,"{'type': 'draw_deck', 'position': 0, 'keep': True}",84,1
"pub_('Q',)_priv_('4', '5')_0.5_2_2",take_discard_1,"{'type': 'take_discard', 'position': 1}",84,2
"pub_('2', 'Q')_priv_('4', '5')_-6.0_8_3",draw_deck_2,"{'type': 'draw_deck', 'position': 2, 'keep': True}",84,3
"pub_('2', 'J', 'Q')_priv_('5',)_-1.5_4_4",draw_deck_3,"{'type': 'draw_deck', 'position': 3, 'keep': True}",84,4
"pub_()_priv_('7', 'J')_-9.0_9_1",draw_deck_flip_2,"{'type': 'draw_deck', 'keep': False, 'flip_position': 2}",85,1
"pub_('J',)_priv_('7',)_-2.5_5_2",draw_deck_0,"{'type': 'draw_deck', 'position': 0, 'keep': True}",85,2
"pub_('J', 'K')_priv_('7',)_-8.5_10_3",draw_deck_1,"{'type': 'draw_deck', 'position': 1, 'keep': True}",85,3
"pub_('A', 'J', 'K')_priv_('7',)_0.5_3_4",take_discard_3,"{'type': 'take_discard', 'position': 3}",85,4
"pub_()_priv_('3', '8')_-4.0_6_1",draw_deck_0,"{'type': 'draw_deck', 'position': 0, 'keep': True}",86,1
"pub_('3',)_priv_('3', '8')_-12.0_9_2",draw_deck_flip_2,"{'type': 'draw_deck', 'keep': False, 'flip_position': 2}",86,2
"pub_('3', '3')_priv_('8',)_-3.5_5_3",draw_deck_1,"{'type': 'draw_deck', 'position': 1, 'keep': True}",86,3
"pub_('2', '3', '3')_priv_('8',)_7.0_2_4",take_discard_3,"{'type': 'take_discard', 'position': 3}",86,4
"pub_()_priv_('6', '7')_-8.0_9_1",draw_deck_0,"{'type': 'draw_deck', 'position': 0, 'keep': True}",87,1
"pub_('2',)_priv_('6', '7')_4.0_J_2",take_discard_1,"{'type': 'take_discard', 'position': 1}",87,2
"pub_('2', 'J')_priv_('6', '7')_-6.0_10_3",draw_deck_2,"{'type': 'draw_deck', 'position': 2, 'keep': True}",87,3
"pub_('10', '2', 'J')_priv_('6',)_-4.5_8_4",draw_deck_3,"{'type': 'draw_deck', 'position': 3, 'keep': True}",87,4
"pub_()_priv_('3', 'A')_-4.0_5_1",draw_deck_0,"{'type': 'draw_deck', 'position': 0, 'keep': True}",88,1
"pub_('7',)_priv_('3', 'A')_-7.5_8_2",draw_deck_1,"{'type': 'draw_deck', 'position': 1, 'keep': True}",88,2
"pub_('3', '7')_priv_('3', 'A')_-12.5_9_3",draw_deck_2,"{'type': 'draw_deck', 'position': 2, 'keep': True}",88,3
"pub_('3', '5', '7')_priv_('A',)_-10.0_10_4",draw_deck_3,"{'type': 'draw_deck', 'position': 3, 'keep': True}",88,4
"pub_()_priv_('4', '7')_-8.0_9_1",draw_deck_0,"{'type': 'draw_deck', 'position': 0, 'keep': True}",89,1
"pub_('10',)_priv_('4', '7')_-10.0_Q_2",draw_deck_1,"{'type': 'draw_deck', 'position': 1, 'keep': True}",89,2
"pub_('10', '5')_priv_('4', '7')_-8.5_K_3",draw_deck_2,"{'type': 'draw_deck', 'position': 2, 'keep': True}",89,3
"pub_('10', '3', '5')_priv_('4',)_6.0_5_4",take_discard_3,"{'type': 'take_discard', 'position': 3}",89,4
"pub_()_priv_('2', 'A')_-1.0_2_1",draw_deck_0,"{'type': 'draw_deck', 'position': 0, 'keep': True}",90,1
"pub_('Q',)_priv_('2', 'A')_-7.0_7_2",draw_deck_1,"{'type': 'draw_deck', 'position': 1, 'keep': True}",90,2
"pub_('Q', 'Q')_priv_('2', 'A')_-3.0_4_3",draw_deck_2,"{'type': 'draw_deck', 'position': 2, 'keep': True}",90,3
"pub_('10', 'Q', 'Q')_priv_('2',)_-4.0_5_4",draw_deck_3,"{'type': 'draw_deck', 'position': 3, 'keep': True}",90,4
"pub_()_priv_('A', 'J')_-10.0_Q_1",draw_deck_flip_2,"{'type': 'draw_deck', 'keep': False, 'flip_position': 2}",91,1
"pub_('J',)_priv_('A',)_1.0_J_2",take_discard_0,"{'type': 'take_discard', 'position': 0}",91,2
"pub_('J', 'J')_priv_('A',)_-1.0_2_3",draw_deck_1,"{'type': 'draw_deck', 'position': 1, 'keep': True}",91,3
"pub_('J', 'J', 'K')_priv_('A',)_-3.5_4_4",draw_deck_3,"{'type': 'draw_deck', 'position': 3, 'keep': True}",91,4
"pub_()_priv_('4', '8')_1.0_2_1",take_discard_0,"{'type': 'take_discard', 'position': 0}",92,1
"pub_('2',)_priv_('4', '8')_-6.0_9_2",draw_deck_1,"{'type': 'draw_deck', 'position': 1, 'keep': True}",92,2
"pub_('2', 'K')_priv_('4', '8')_-5.0_7_3",draw_deck_2,"{'type': 'draw_deck', 'position': 2, 'keep': True}",92,3
"pub_('2', '2', 'K')_priv_('4',)_-4.0_6_4",draw_deck_3,"{'type': 'draw_deck', 'position': 3, 'keep': True}",92,4
"pub_()_priv_('5', 'Q')_2.0_J_1",take_discard_0,"{'type': 'take_discard', 'position': 0}",93,1
"pub_('J',)_priv_('5', 'Q')_-6.5_K_2",draw_deck_1,"{'type': 'draw_deck', 'position': 1, 'keep': True}",93,2
"pub_('7', 'J')_priv_('5', 'Q')_-1.0_4_3",draw_deck_2,"{'type': 'draw_deck', 'position': 2, 'keep': True}",93,3
"pub_('7', '7', 'J')_priv_('5',)_1.0_3_4",take_discard_3,"{'type': 'take_discard', 'position': 3}",93,4
"pub_()_priv_('9', 'K')_-6.0_8_1",draw_deck_0,"{'type': 'draw_deck', 'position': 0, 'keep': True}",94,1
"pub_('9',)_priv_('9', 'K')_-19.0_10_2",draw_deck_flip_2,"{'type': 'draw_deck', 'keep': False, 'flip_position': 2}",94,2
"pub_('9', '9')_priv_('K',)_2.0_J_3",take_discard_1,"{'type': 'take_discard', 'position': 1}",94,3
"pub_('9', '9', 'J')_priv_('K',)_-4.5_10_4",draw_deck_3,"{'type': 'draw_deck', 'position': 3, 'keep': True}",94,4
"pub_()_priv_('4', '7')_-7.0_7_1",draw_deck_flip_1,"{'type': 'draw_deck', 'keep': False, 'flip_position': 1}",95,1
"pub_('J',)_priv_('4', '7')_3.5_J_2",take_discard_0,"{'type': 'take_discard', 'position': 0}",95,2
"pub_('J', 'J')_priv_('4', '7')_-2.5_6_3",draw_deck_2,"{'type': 'draw_deck', 'position': 2, 'keep': True}",95,3
"pub_('9', 'J', 'J')_priv_('7',)_0.0_4_4",draw_deck_3,"{'type': 'draw_deck', 'position': 3, 'keep': True}",95,4
"pub_()_priv_('10', '4')_-1.0_4_1",draw_deck_0,"{'type': 'draw_deck', 'position': 0, 'keep': True}",96,1
"pub_('7',)_priv_('10', '4')_-5.5_8_2",draw_deck_1,"{'type': 'draw_deck', 'position': 1, 'keep': True}",96,2
"pub_('7', 'Q')_priv_('10', '4')_8.5_7_3",take_discard_2,"{'type': 'take_discard', 'position': 2}",96,3
"pub_('7', '7', 'Q')_priv_('10',)_4.0_J_4",take_discard_3,"{'type': 'take_discard', 'position': 3}",96,4
"pub_()_priv_('8', 'K')_-6.5_9_1",draw_deck_0,"{'type': 'draw_deck', 'position': 0, 'keep': True}",97,1
"pub_('K',)_priv_('8', 'K')_-20.0_Q_2",draw_deck_flip_2,"{'type': 'draw_deck', 'keep': False, 'flip_position': 2}",97,2
"pub_('K', 'K')_priv_('8',)_-1.5_4_3",draw_deck_1,"{'type': 'draw_deck', 'position': 1, 'keep': True}",97,3
"pub_('6', 'K', 'K')_priv_('8',)_3.0_A_4",take_discard_3,"{'type': 'take_discard', 'position': 3}",97,4
"pub_()_priv_('9', 'A')_-7.0_8_1",draw_deck_0,"{'type': 'draw_deck', 'position': 0, 'keep': True}",98,1
"pub_('K',)_priv_('9', 'A')_-16.0_6_2",draw_deck_flip_1,"{'type': 'draw_deck', 'keep': False, 'flip_position': 1}",98,2
"pub_('K', 'K')_priv_('9', 'A')_-9.0_K_3",draw_deck_2,"{'type': 'draw_deck', 'position': 2, 'keep': True}",98,3
"pub_('10', 'K', 'K')_priv_('9',)_-6.5_Q_4",draw_deck_3,"{'type': 'draw_deck', 'position': 3, 'keep': True}",98,4
"pub_()_priv_('4', '7')_-7.0_K_1",draw_deck_0,"{'type': 'draw_deck', 'position': 0, 'keep': True}",99,1
"pub_('J',)_priv_('4', '7')_2.5_A_2",take_discard_1,"{'type': 'take_discard', 'position': 1}",99,2
"pub_('A', 'J')_priv_('4', '7')_-1.0_4_3",draw_deck_2,"{'type': 'draw_deck', 'position': 2, 'keep': True}",99,3
"pub_('10', 'A', 'J')_priv_('4',)_0.0_2_4",take_discard_3,"{'type': 'take_discard', 'position': 3}",99,4
"pub_()_priv_('2', '4')_-5.0_6_1",draw_deck_0,"{'type': 'draw_deck', 'position': 0, 'keep': True}",100,1
"pub_('2',)_priv_('2', '4')_-11.0_9_2",draw_deck_flip_2,"{'type': 'draw_deck', 'keep': False, 'flip_position': 2}",100,2
"pub_('2', '2')_priv_('4',)_0.5_3_3",take_discard_1,"{'type': 'take_discard', 'position': 1}",100,3
"pub_('2', '2', '3')_priv_('4',)_-4.0_7_4",draw_deck_3,"{'type': 'draw_deck', 'position': 3, 'keep': True}",100,4
